t_s,"periodic","sod d=1% hb=120","sod-aware d=1% hb=120"
0,10000,267,267
10,10000,374,374
20,10000,400,400
30,10000,439,439
40,10000,433,433
50,10000,450,450
60,10000,428,428
70,10000,417,417
80,10000,405,405
90,10000,385,385
100,10000,433,433
110,10000,435,435
120,10000,401,401
130,10000,374,374
140,10000,400,400
150,10000,439,439
160,10000,433,433
170,10000,450,450
180,10000,428,428
190,10000,417,417
200,10000,405,405
210,10000,385,385
220,10000,433,433
230,10000,435,435
240,10000,401,401
250,10000,374,374
260,10000,400,400
270,10000,439,439
280,10000,433,433
290,10000,450,450
300,10000,428,5000
310,10000,417,0
320,10000,405,0
330,10000,385,0
340,10000,433,0
350,10000,435,0
360,10000,401,0
370,10000,374,0
380,10000,400,0
390,10000,439,0
400,10000,848,4884
410,10000,862,23
420,10000,408,93
430,10000,378,0
440,10000,435,0
450,10000,439,0
460,10000,400,0
470,10000,370,0
480,10000,393,0
490,10000,439,0
500,10000,845,4807
510,10000,856,18
520,10000,410,59
530,10000,385,23
540,10000,428,93
550,10000,439,0
560,10000,405,0
570,10000,369,0
580,10000,393,0
590,10000,439,0
600,10000,830,4706
610,10000,844,23
620,10000,412,78
630,10000,390,18
640,10000,428,59
650,10000,448,23
660,10000,398,93
670,10000,365,0
680,10000,394,0
690,10000,440,0
700,10000,829,4636
710,10000,840,20
720,10000,409,50
730,10000,377,23
740,10000,433,78
750,10000,453,18
760,10000,398,59
770,10000,371,23
780,10000,392,93
790,10000,434,0
800,10000,826,4567
810,10000,840,15
820,10000,403,54
830,10000,380,20
840,10000,435,50
850,10000,439,23
860,10000,395,78
870,10000,378,18
880,10000,397,59
890,10000,444,23
900,10000,810,4575
910,10000,821,21
920,10000,416,64
930,10000,388,15
940,10000,427,54
950,10000,441,20
960,10000,399,50
970,10000,360,23
980,10000,392,78
990,10000,452,18
1000,10000,805,4469
1010,10000,834,41
1020,10000,403,147
1030,10000,377,21
1040,10000,438,64
1050,10000,453,15
1060,10000,387,54
1070,10000,366,20
1080,10000,400,50
1090,10000,429,23
1100,10000,793,4409
1110,10000,831,38
1120,10000,408,118
1130,10000,396,41
1140,10000,424,147
1150,10000,437,21
1160,10000,407,64
1170,10000,377,15
1180,10000,391,54
1190,10000,429,20
1200,10000,794,5002
1210,10000,802,56
1220,10000,400,64
1230,10000,405,69
1240,10000,430,53
1250,10000,457,31
1260,10000,390,36
1270,10000,361,22
1280,10000,410,19
1290,10000,442,21
1300,10000,53,26
1310,10000,56,12
1320,10000,794,4597
1330,10000,802,67
1340,10000,400,77
1350,10000,405,79
1360,10000,430,64
1370,10000,457,42
1380,10000,390,50
1390,10000,361,30
1400,10000,410,30
1410,10000,442,26
1420,10000,53,35
1430,10000,56,22
1440,10000,794,4482
1450,10000,802,74
1460,10000,400,86
1470,10000,405,83
1480,10000,430,73
1490,10000,457,47
1500,10000,390,5590
1510,10000,361,0
1520,10000,410,0
1530,10000,442,0
1540,10000,53,0
1550,10000,56,0
1560,10000,794,0
1570,10000,802,0
1580,10000,400,0
1590,10000,405,0
1600,10000,820,5000
1610,10000,818,0
1620,10000,410,0
1630,10000,442,0
1640,10000,53,0
1650,10000,56,0
1660,10000,794,0
1670,10000,802,0
1680,10000,400,0
1690,10000,405,0
1700,10000,820,5000
1710,10000,818,0
1720,10000,410,0
1730,10000,442,0
1740,10000,53,0
1750,10000,56,0
1760,10000,794,0
1770,10000,802,0
1780,10000,400,0
1790,10000,405,0
